Workbook

Sheet gurobi
A1: seed_data | B1: seed_solver | C1: Opt_S1 | D1: Time_S1_s | E1: Obj_S2 | F1: Bound_S2 | G1: Time_S2_s
A3: 343310 | B3: 1 | C3: 34.2 | D3: 27.96 | E3: 67.2919 | F3: 90.8781 | G3: 900.18
A4: 343310 | B4: 2 | C4: 34.2 | D4: 38.91 | E4: 61.5176 | F4: 91.0722 | G4: 900.23
A5: 343310 | B5: 3 | C5: 34.2 | D5: 47.99 | E5: 79.9577 | F5: 91.0344 | G5: 900.35
A6: 343310 | B6: 4 | C6: 34.2 | D6: 40.94 | E6: 69.8396 | F6: 90.953 | G6: 900.25
A7: 293874 | B7: 1 | C7: 33 | D7: 13.89 | E7: 58.2786 | F7: 90.9981 | G7: 900.19
A8: 293874 | B8: 2 | C8: 33 | D8: 15.89 | E8: 27.4077 | F8: 90.9463 | G8: 900.26
A9: 293874 | B9: 3 | C9: 33 | D9: 17.4 | E9: 70.6262 | F9: 91.003 | G9: 900.32
A10: 293874 | B10: 4 | C10: 33 | D10: 17.08 | E10: 38.9035 | F10: 90.9898 | G10: 900.22
A11: 789124 | B11: 1 | C11: 31.1 | D11: 36.24 | E11: 71.7219 | F11: 82.2606 | G11: 900.25
A12: 789124 | B12: 2 | C12: 31.1 | D12: 52.73 | E12: 60.3262 | F12: 82.2509 | G12: 900.41
A13: 789124 | B13: 3 | C13: 31.1 | D13: 22.97 | E13: 65.9661 | F13: 82.2507 | G13: 900.29
A14: 789124 | B14: 4 | C14: 31.1 | D14: 22.69 | E14: 68.1902 | F14: 82.2632 | G14: 900.23
... A18: 987034 | B18: 4 | C18: 30.6 | D18: 33.95 | E18: 73.6782 | F18: 82.187 | G18: 900.34

Sheet lns
A1: seed_data | B1: seed_solver | C1: Obj_S1 | D1: Time_S1_s | E1: Obj_S2 | F1: Time_S2_s
A2: 343310 | B2: 1 | C2: 36.8 | D2: 4.5 | E2: 88.7528 | F2: 200.2
A3: 343310 | B3: 2 | C3: 35.7 | D3: 5.7 | E3: 89.3409 | F3: 200.1
A4: 343310 | B4: 3 | C4: 37.7 | D4: 8.8 | E4: 89.0101 | F4: 200
A5: 343310 | B5: 4 | C5: 38 | D5: 10.8 | E5: 89.1798 | F5: 77.6
A6: 343310 | B6: 5 | C6: 37.7 | D6: 5.5 | E6: 88.8124 | F6: 200.3
A7: 293874 | B7: 1 | C7: 35.4 | D7: 3.6 | E7: 88.9937 | F7: 164.5
A8: 293874 | B8: 2 | C8: 37.6 | D8: 4.5 | E8: 89.1493 | F8: 102.6
A9: 293874 | B9: 3 | C9: 38 | D9: 3.3 | E9: 88.9844 | F9: 113.2
A10: 293874 | B10: 4 | C10: 38.3 | D10: 5.1 | E10: 88.6449 | F10: 134.2
A11: 293874 | B11: 5 | C11: 37.1 | D11: 2.7 | E11: 88.4265 | F11: 194.5
A12: 789124 | B12: 1 | C12: 35.3 | D12: 5 | E12: 80.1735 | F12: 194.1
A13: 789124 | B13: 2 | C13: 36.7 | D13: 3.5 | E13: 79.8333 | F13: 158.3
... A21: 987034 | B21: 5 | C21: 36.5 | D21: 3.3 | E21: 80.3328 | F21: 80.5

Sheet comparison
A1: seed_data | B1: Gur_Opt_S1_mean | C1: Gur_Opt_S1_worst | D1: LNS_Obj_S1_mean | E1: LNS_Obj_S1_worst | F1: Gur_Time_S1_mean | G1: Gur_Time_S1_worst | H1: LNS_Time_S1_mean | I1: LNS_Time_S1_worst | J1: Gur_Obj_S2_mean | K1: Gur_Obj_S2_worst | L1: Bound_S2_mean | M1: Bound_S2_best | N1: LNS_Obj_S2_mean | O1: LNS_Obj_S2_worst | P1: Gur_Time_S2_mean | Q1: Gur_Time_S2_worst | R1: LNS_Time_S2_mean | S1: LNS_Time_S2_worst
A2: 343310 | B2: =IFERROR(AVERAGEIFS(gurobi!$C$2:$C$121,gurobi!$A$2:$A$121,A2),"") -> 34.2 | C2: =IF(COUNTIFS(gurobi!$A$2:$A$121,A2)=0,"",SUMPRODUCT(MAX((gurobi!$A$2:$A$121=A2)*gurobi!$C$2:$C$121))) -> 34.2 | D2: =IFERROR(AVERAGEIFS(lns!$C$2:$C$121,lns!$A$2:$A$121,A2),"") -> 37.18 | E2: =IF(COUNTIFS(lns!$A$2:$A$121,A2)=0,"",SUMPRODUCT(MAX((lns!$A$2:$A$121=A2)*lns!$C$2:$C$121))) -> 38 | F2: =IFERROR(AVERAGEIFS(gurobi!$D$2:$D$121,gurobi!$A$2:$A$121,A2),"") -> 38.95 | G2: =IF(COUNTIFS(gurobi!$A$2:$A$121,A2)=0,"",SUMPRODUCT(MAX((gurobi!$A$2:$A$121=A2)*gurobi!$D$2:$D$121))) -> 47.99 | H2: =IFERROR(AVERAGEIFS(lns!$D$2:$D$121,lns!$A$2:$A$121,A2),"") -> 7.06 | I2: =IF(COUNTIFS(lns!$A$2:$A$121,A2)=0,"",SUMPRODUCT(MAX((lns!$A$2:$A$121=A2)*lns!$D$2:$D$121))) -> 10.8 | J2: =IFERROR(AVERAGEIFS(gurobi!$E$2:$E$121,gurobi!$A$2:$A$121,A2),"") -> 69.6517 | K2: {=IF(COUNTIFS(gurobi!$A$2:$A$121,A2)=0,"",SUMPRODUCT(MIN(IF(gurobi!$A$2:$A$121=A2,gurobi!$E$2:$E$121,1000000000000000))))} -> 61.5176 | L2: =IFERROR(AVERAGEIFS(gurobi!$F$2:$F$121,gurobi!$A$2:$A$121,A2),"") -> 90.984425 | M2: {=IF(COUNTIFS(gurobi!$A$2:$A$121,A2)=0,"",SUMPRODUCT(MIN(IF(gurobi!$A$2:$A$121=A2,gurobi!$F$2:$F$121))))} -> 90.8781 | N2: =IFERROR(AVERAGEIFS(lns!$E$2:$E$121,lns!$A$2:$A$121,A2),"") -> 89.0192 | O2: {=IF(COUNTIFS(lns!$A$2:$A$121,A2)=0,"",SUMPRODUCT(MIN(IF(lns!$A$2:$A$121=A2,lns!$E$2:$E$121))))} -> 88.7528 | P2: =IFERROR(AVERAGEIFS(gurobi!$G$2:$G$121,gurobi!$A$2:$A$121,A2),"") -> 900.2525 | Q2: =IF(COUNTIFS(gurobi!$A$2:$A$121,A2)=0,"",SUMPRODUCT(MAX((gurobi!$A$2:$A$121=A2)*gurobi!$G$2:$G$121))) -> 900.35 | R2: =IFERROR(AVERAGEIFS(lns!$F$2:$F$121,lns!$A$2:$A$121,A2),"") -> 175.64 | S2: =IF(COUNTIFS(lns!$A$2:$A$121,A2)=0,"",SUMPRODUCT(MAX((lns!$A$2:$A$121=A2)*lns!$F$2:$F$121))) -> 200.3
A3: 293874 | B3: =IFERROR(AVERAGEIFS(gurobi!$C$2:$C$121,gurobi!$A$2:$A$121,A3),"") -> 33 | C3: =IF(COUNTIFS(gurobi!$A$2:$A$121,A3)=0,"",SUMPRODUCT(MAX((gurobi!$A$2:$A$121=A3)*gurobi!$C$2:$C$121))) -> 33 | D3: =IFERROR(AVERAGEIFS(lns!$C$2:$C$121,lns!$A$2:$A$121,A3),"") -> 37.28 | E3: =IF(COUNTIFS(lns!$A$2:$A$121,A3)=0,"",SUMPRODUCT(MAX((lns!$A$2:$A$121=A3)*lns!$C$2:$C$121))) -> 38.3 | F3: =IFERROR(AVERAGEIFS(gurobi!$D$2:$D$121,gurobi!$A$2:$A$121,A3),"") -> 16.065 | G3: =IF(COUNTIFS(gurobi!$A$2:$A$121,A3)=0,"",SUMPRODUCT(MAX((gurobi!$A$2:$A$121=A3)*gurobi!$D$2:$D$121))) -> 17.4 | H3: =IFERROR(AVERAGEIFS(lns!$D$2:$D$121,lns!$A$2:$A$121,A3),"") -> 3.84 | I3: =IF(COUNTIFS(lns!$A$2:$A$121,A3)=0,"",SUMPRODUCT(MAX((lns!$A$2:$A$121=A3)*lns!$D$2:$D$121))) -> 5.1 | J3: =IFERROR(AVERAGEIFS(gurobi!$E$2:$E$121,gurobi!$A$2:$A$121,A3),"") -> 48.804 | K3: {=IF(COUNTIFS(gurobi!$A$2:$A$121,A3)=0,"",SUMPRODUCT(MIN(IF(gurobi!$A$2:$A$121=A3,gurobi!$E$2:$E$121,1000000000000000))))} -> 27.4077 | L3: =IFERROR(AVERAGEIFS(gurobi!$F$2:$F$121,gurobi!$A$2:$A$121,A3),"") -> 90.9843 | M3: {=IF(COUNTIFS(gurobi!$A$2:$A$121,A3)=0,"",SUMPRODUCT(MIN(IF(gurobi!$A$2:$A$121=A3,gurobi!$F$2:$F$121))))} -> 90.9463 | N3: =IFERROR(AVERAGEIFS(lns!$E$2:$E$121,lns!$A$2:$A$121,A3),"") -> 88.83976 | O3: {=IF(COUNTIFS(lns!$A$2:$A$121,A3)=0,"",SUMPRODUCT(MIN(IF(lns!$A$2:$A$121=A3,lns!$E$2:$E$121))))} -> 88.4265 | P3: =IFERROR(AVERAGEIFS(gurobi!$G$2:$G$121,gurobi!$A$2:$A$121,A3),"") -> 900.2475 | Q3: =IF(COUNTIFS(gurobi!$A$2:$A$121,A3)=0,"",SUMPRODUCT(MAX((gurobi!$A$2:$A$121=A3)*gurobi!$G$2:$G$121))) -> 900.32 | R3: =IFERROR(AVERAGEIFS(lns!$F$2:$F$121,lns!$A$2:$A$121,A3),"") -> 141.8 | S3: =IF(COUNTIFS(lns!$A$2:$A$121,A3)=0,"",SUMPRODUCT(MAX((lns!$A$2:$A$121=A3)*lns!$F$2:$F$121))) -> 194.5
A4: 987034 | B4: =IFERROR(AVERAGEIFS(gurobi!$C$2:$C$121,gurobi!$A$2:$A$121,A4),"") -> 30.6 | C4: =IF(COUNTIFS(gurobi!$A$2:$A$121,A4)=0,"",SUMPRODUCT(MAX((gurobi!$A$2:$A$121=A4)*gurobi!$C$2:$C$121))) -> 30.6 | D4: =IFERROR(AVERAGEIFS(lns!$C$2:$C$121,lns!$A$2:$A$121,A4),"") -> 34.06 | E4: =IF(COUNTIFS(lns!$A$2:$A$121,A4)=0,"",SUMPRODUCT(MAX((lns!$A$2:$A$121=A4)*lns!$C$2:$C$121))) -> 36.5 | F4: =IFERROR(AVERAGEIFS(gurobi!$D$2:$D$121,gurobi!$A$2:$A$121,A4),"") -> 29.505 | G4: =IF(COUNTIFS(gurobi!$A$2:$A$121,A4)=0,"",SUMPRODUCT(MAX((gurobi!$A$2:$A$121=A4)*gurobi!$D$2:$D$121))) -> 33.95 | H4: =IFERROR(AVERAGEIFS(lns!$D$2:$D$121,lns!$A$2:$A$121,A4),"") -> 3.94 | I4: =IF(COUNTIFS(lns!$A$2:$A$121,A4)=0,"",SUMPRODUCT(MAX((lns!$A$2:$A$121=A4)*lns!$D$2:$D$121))) -> 4.8 | J4: =IFERROR(AVERAGEIFS(gurobi!$E$2:$E$121,gurobi!$A$2:$A$121,A4),"") -> 77.952575 | K4: {=IF(COUNTIFS(gurobi!$A$2:$A$121,A4)=0,"",SUMPRODUCT(MIN(IF(gurobi!$A$2:$A$121=A4,gurobi!$E$2:$E$121,1000000000000000))))} -> 73.6782 | L4: =IFERROR(AVERAGEIFS(gurobi!$F$2:$F$121,gurobi!$A$2:$A$121,A4),"") -> 82.2022 | M4: {=IF(COUNTIFS(gurobi!$A$2:$A$121,A4)=0,"",SUMPRODUCT(MIN(IF(gurobi!$A$2:$A$121=A4,gurobi!$F$2:$F$121))))} -> 82.187 | N4: =IFERROR(AVERAGEIFS(lns!$E$2:$E$121,lns!$A$2:$A$121,A4),"") -> 80.61016 | O4: {=IF(COUNTIFS(lns!$A$2:$A$121,A4)=0,"",SUMPRODUCT(MIN(IF(lns!$A$2:$A$121=A4,lns!$E$2:$E$121))))} -> 80.3328 | P4: =IFERROR(AVERAGEIFS(gurobi!$G$2:$G$121,gurobi!$A$2:$A$121,A4),"") -> 900.3725 | Q4: =IF(COUNTIFS(gurobi!$A$2:$A$121,A4)=0,"",SUMPRODUCT(MAX((gurobi!$A$2:$A$121=A4)*gurobi!$G$2:$G$121))) -> 900.56 | R4: =IFERROR(AVERAGEIFS(lns!$F$2:$F$121,lns!$A$2:$A$121,A4),"") -> 120.06 | S4: =IF(COUNTIFS(lns!$A$2:$A$121,A4)=0,"",SUMPRODUCT(MAX((lns!$A$2:$A$121=A4)*lns!$F$2:$F$121))) -> 200.4
A5: 789124 | B5: =IFERROR(AVERAGEIFS(gurobi!$C$2:$C$121,gurobi!$A$2:$A$121,A5),"") -> 31.1 | C5: =IF(COUNTIFS(gurobi!$A$2:$A$121,A5)=0,"",SUMPRODUCT(MAX((gurobi!$A$2:$A$121=A5)*gurobi!$C$2:$C$121))) -> 31.1 | D5: =IFERROR(AVERAGEIFS(lns!$C$2:$C$121,lns!$A$2:$A$121,A5),"") -> 35.86 | E5: =IF(COUNTIFS(lns!$A$2:$A$121,A5)=0,"",SUMPRODUCT(MAX((lns!$A$2:$A$121=A5)*lns!$C$2:$C$121))) -> 37.4 | F5: =IFERROR(AVERAGEIFS(gurobi!$D$2:$D$121,gurobi!$A$2:$A$121,A5),"") -> 33.6575 | G5: =IF(COUNTIFS(gurobi!$A$2:$A$121,A5)=0,"",SUMPRODUCT(MAX((gurobi!$A$2:$A$121=A5)*gurobi!$D$2:$D$121))) -> 52.73 | H5: =IFERROR(AVERAGEIFS(lns!$D$2:$D$121,lns!$A$2:$A$121,A5),"") -> 4.74 | I5: =IF(COUNTIFS(lns!$A$2:$A$121,A5)=0,"",SUMPRODUCT(MAX((lns!$A$2:$A$121=A5)*lns!$D$2:$D$121))) -> 7.4 | J5: =IFERROR(AVERAGEIFS(gurobi!$E$2:$E$121,gurobi!$A$2:$A$121,A5),"") -> 66.5511 | K5: {=IF(COUNTIFS(gurobi!$A$2:$A$121,A5)=0,"",SUMPRODUCT(MIN(IF(gurobi!$A$2:$A$121=A5,gurobi!$E$2:$E$121,1000000000000000))))} -> 60.3262 | L5: =IFERROR(AVERAGEIFS(gurobi!$F$2:$F$121,gurobi!$A$2:$A$121,A5),"") -> 82.25635 | M5: {=IF(COUNTIFS(gurobi!$A$2:$A$121,A5)=0,"",SUMPRODUCT(MIN(IF(gurobi!$A$2:$A$121=A5,gurobi!$F$2:$F$121))))} -> 82.2507 | N5: =IFERROR(AVERAGEIFS(lns!$E$2:$E$121,lns!$A$2:$A$121,A5),"") -> 79.9403 | O5: {=IF(COUNTIFS(lns!$A$2:$A$121,A5)=0,"",SUMPRODUCT(MIN(IF(lns!$A$2:$A$121=A5,lns!$E$2:$E$121))))} -> 79.4601 | P5: =IFERROR(AVERAGEIFS(gurobi!$G$2:$G$121,gurobi!$A$2:$A$121,A5),"") -> 900.295 | Q5: =IF(COUNTIFS(gurobi!$A$2:$A$121,A5)=0,"",SUMPRODUCT(MAX((gurobi!$A$2:$A$121=A5)*gurobi!$G$2:$G$121))) -> 900.41 | R5: =IFERROR(AVERAGEIFS(lns!$F$2:$F$121,lns!$A$2:$A$121,A5),"") -> 174.78 | S5: =IF(COUNTIFS(lns!$A$2:$A$121,A5)=0,"",SUMPRODUCT(MAX((lns!$A$2:$A$121=A5)*lns!$F$2:$F$121))) -> 200.2
O6: =IF(COUNTIFS(lns!$A$2:$A$121,A6)=0,"",SUMPRODUCT(MIN(IF(lns!$A$2:$A$121=A6,lns!$E$2:$E$121,1000))))
A7: worst definitions (computed per seed_data, aggregating over seed_solver):
A8: Stage-1 objectives are MIN -> worst = MAX (highest).
A9: Stage-2 objectives are MAX -> worst = MIN (lowest).
A10: Times -> worst = slowest (MAX).
A11: Bound_S2 (upper bound) -> worst = loosest = MAX.
